中国银行保险监督管理委员会关于筹建中车金融租赁有限公司的批复,http://www.cbrc.gov.cn/govView_BBB1D3FE86CC4AD4B3E4AB612081BBD7.html
厦门首家金融租赁公司获批筹建,http://www.cbrc.gov.cn/chinese/home/docView/47CCE27887C94F36BA868E65AB23F86C.html
中国银监会关于筹建天津国泰金融租赁有限责任公司的批复,http://www.cbrc.gov.cn/govView_DC2E0EC707C1417EB28FB7D356BE1C0F.html
中国银监会关于筹建吉林九银金融租赁股份有限公司的批复,http://www.cbrc.gov.cn/govView_2F1360081F68443A98BFB5483A24F80D.html
中国银监会关于筹建重庆鈊渝金融租赁股份有限公司的批复,http://www.cbrc.gov.cn/govView_E1F6EDE502D7496A85157EE2FAEF065A.html
中国银监会关于筹建广东粤财金融租赁股份有限公司的批复,http://www.cbrc.gov.cn/govView_141DE32F7F3F4E6D9332833B769033D3.html
中国银监会关于筹建航天科工金融租赁有限公司的批复,http://www.cbrc.gov.cn/govView_4685B7F553194370AF21DAF122244964.html
中国银监会关于筹建中煤科工金融租赁股份有限公司的批复,http://www.cbrc.gov.cn/govView_96CA43885C1B4C4DBD91F08F2CBEDE99.html
中国银监会关于筹建浙江浙银金融租赁股份有限公司的批复,http://www.cbrc.gov.cn/govView_D52F2466A2224785B92D656BD157F8F6.html
中国银监会关于筹建前海兴邦金融租赁有限责任公司的批复,http://www.cbrc.gov.cn/govView_040155835AE64CD083562EC0A1DF2702.html
中国银监会关于筹建甘肃兰银金融租赁股份有限公司的批复,http://www.cbrc.gov.cn/govView_22722A41B6A44066BB02019B452AA1FF.html
中国银监会关于筹建青岛青银金融租赁有限公司的批复,http://www.cbrc.gov.cn/govView_A18F207EA79B4624AF2968670D817A4A.html
中国银监会关于筹建四川天府金融租赁有限公司的批复,http://www.cbrc.gov.cn/govView_B5DAC95CD5FD41E59F8FA5A193ED3F89.html
中国银监会关于筹建中铁建金融租赁有限公司的批复,http://www.cbrc.gov.cn/govView_A6191B1050E84DC5B7E42C6F9D5029F5.html
中国银监会关于筹建佛山海晟金融租赁股份有限公司的批复,http://www.cbrc.gov.cn/govView_498323BF70D6439F9A62620C795D6DED.html
中国银监会关于筹建徐州恒鑫金融租赁股份有限公司的批复,http://www.cbrc.gov.cn/govView_E6DA052F0CF3444EA78BE0347267DB93.html
下一页,http://www.cbrc.gov.cn./search.jsp?page=2&searchword=DOC_FORMDATE=2000.1.1 to 2019.5.24 AND DOC_TITLE=筹建 AND DOC_CLOB=金融租赁&agencyShortlink=
尾页,http://www.cbrc.gov.cn./search.jsp?page=4&searchword=DOC_FORMDATE=2000.1.1 to 2019.5.24 AND DOC_TITLE=筹建 AND DOC_CLOB=金融租赁&agencyShortlink=
中国银监会关于筹建福建海西金融租赁有限责任公司的批复,http://www.cbrc.gov.cn/govView_003E760217A34647BF09ECDE855AD347.html
中国银监会关于筹建浙江稠州金融租赁有限公司的批复,http://www.cbrc.gov.cn/govView_AED6F0F80B34448D9F99C78F2C7A3F07.html
中国银监会关于筹建贵阳贵银金融租赁有限责任公司的批复,http://www.cbrc.gov.cn/govView_544CD040DA6B462586B0D67F0A569B06.html
中国银监会关于筹建河南九鼎金融租赁有限公司的批复,http://www.cbrc.gov.cn/govView_56B530B7A0014C08AE248E1010065518.html
中国银监会关于筹建山东通达金融租赁有限公司的批复,http://www.cbrc.gov.cn/govView_83D37F004E454657A866982AA6E67D06.html
中国银监会关于筹建天银金融租赁有限公司的批复,http://www.cbrc.gov.cn/govView_1D450F327C884A6495D4B590ED6BA56E.html
我省新获准筹建两家非银行金融机构,http://www.cbrc.gov.cn/chinese/home/docView/F44BD75B0285460497D4DD346E04A0DB.html
中国银监会关于筹建冀银金融租赁股份有限公司的批复,http://www.cbrc.gov.cn/govView_6782A4E27F234CF79848F5478F418EDD.html
中国银监会关于筹建广融达金融租赁有限公司的批复,http://www.cbrc.gov.cn/govView_FA6A37F20D884871A51DABDDE72B844D.html
江西金融租赁股份有限公司获银监会批复筹建,http://www.cbrc.gov.cn/chinese/home/docView/A5A55C27809644E98761DF027E84702D.html
中国银监会关于筹建锦银金融租赁有限责任公司的批复,http://www.cbrc.gov.cn/govView_9A412D68E12449C784008E03BD20B9F0.html
中国银监会关于筹建苏州金融租赁股份有限公司的批复,http://www.cbrc.gov.cn/govView_3EEF4799DB29498C83DFCA4FFF684613.html
中国银监会关于筹建江西金融租赁股份有限公司的批复,http://www.cbrc.gov.cn/govView_BA2ED4D5408942DAB550B9D6AC6C3B6A.html
中国银监会关于筹建山东汇通金融租赁有限公司的批复,http://www.cbrc.gov.cn/govView_0FCF90B0AE7C4DA682EAF787C0C200C8.html
中国银监会关于筹建长江联合金融租赁有限公司的批复,http://www.cbrc.gov.cn/govView_3092146EE90F451BA9C901C5D299DC8E.html
中国银监会关于华融金融租赁股份有限公司在中国（上海）自由贸易试验区筹建专业子公司的批复,http://www.cbrc.gov.cn/govView_5EEAA4E56EAE49D8A879684949108B5E.html
首页,http://www.cbrc.gov.cn./search.jsp?page=1&searchword=DOC_FORMDATE=2000.1.1 to 2019.5.24 AND DOC_TITLE=筹建 AND DOC_CLOB=金融租赁&agencyShortlink=
上一页,http://www.cbrc.gov.cn./search.jsp?page=1&searchword=DOC_FORMDATE=2000.1.1 to 2019.5.24 AND DOC_TITLE=筹建 AND DOC_CLOB=金融租赁&agencyShortlink=
下一页,http://www.cbrc.gov.cn./search.jsp?page=3&searchword=DOC_FORMDATE=2000.1.1 to 2019.5.24 AND DOC_TITLE=筹建 AND DOC_CLOB=金融租赁&agencyShortlink=
尾页,http://www.cbrc.gov.cn./search.jsp?page=4&searchword=DOC_FORMDATE=2000.1.1 to 2019.5.24 AND DOC_TITLE=筹建 AND DOC_CLOB=金融租赁&agencyShortlink=
中国银监会关于筹建中信金融租赁有限公司的批复,http://www.cbrc.gov.cn/govView_94963481B8E6422E96895FB2F100E459.html
中国银监会关于筹建横琴华通金融租赁有限公司的批复,http://www.cbrc.gov.cn/govView_9D99092AA53847B1A2DE54CC21785F6B.html
中国银监会关于招银金融租赁有限公司在中国（上海）自由贸易试验区筹建专业子公司的批复,http://www.cbrc.gov.cn/govView_150744AE45F346FCADEA7B705C618376.html
中国银监会关于筹建湖北金融租赁股份有限公司的批复,http://www.cbrc.gov.cn/govView_AFD9645D799F447AA51076C9D3F5CBCC.html
中国银监会关于筹建华运金融租赁股份有限公司的批复,http://www.cbrc.gov.cn/govView_ABB7DBA4E1F94F849E10C776D1738D47.html
中国银监会关于筹建江南金融租赁有限公司的批复,http://www.cbrc.gov.cn/govView_30D0AF87390D4DD29E2FC33BBFA38780.html
中国银监会关于筹建苏银金融租赁有限公司的批复,http://www.cbrc.gov.cn/govView_3D3CCAFC214F4C969F493AC23CB0980D.html
中国银监会关于筹建永赢金融租赁有限公司的批复,http://www.cbrc.gov.cn/govView_0753AF10760B4518AAD5B7DBAB66E16F.html
中国银监会关于筹建徽银金融租赁有限公司的批复,http://www.cbrc.gov.cn/govView_CD2B2E7B1BC640FF959717EBB12C3E0C.html
中国银监会关于筹建西藏自治区金融租赁有限公司的批复,http://www.cbrc.gov.cn/govView_ED82F8346C3D40CDB83CDA22D8155DDA.html
中国银监会关于筹建洛银金融租赁股份有限公司的批复,http://www.cbrc.gov.cn/govView_958B8B2633664E779186888C2E3CD40F.html
重庆金融租赁的新篇章——重庆渝农商金融租赁有限公司获批筹建,http://www.cbrc.gov.cn/chinese/home/docView/A593019B27B7461682F3AB9FD4B577DB.html
中国银监会关于筹建渝农商金融租赁有限责任公司的批复,http://www.cbrc.gov.cn/govView_98DCBAFDD10B4FBB91AD8E375F0EDF4F.html
中国银监会关于筹建太平石化金融租赁有限责任公司的批复,http://www.cbrc.gov.cn/govView_37B1BCFBB82E4885B1CE67779E838809.html
中国银监会关于广州农村商业银行筹建金融租赁公司的批复,http://www.cbrc.gov.cn/govView_B74D83AB4FFB4D2C935C4DFE477A37FE.html
中国银监会关于哈尔滨银行筹建金融租赁公司的批复,http://www.cbrc.gov.cn/govView_E76F10BD1881494F83D15689204C3A48.html
首页,http://www.cbrc.gov.cn./search.jsp?page=1&searchword=DOC_FORMDATE=2000.1.1 to 2019.5.24 AND DOC_TITLE=筹建 AND DOC_CLOB=金融租赁&agencyShortlink=
上一页,http://www.cbrc.gov.cn./search.jsp?page=2&searchword=DOC_FORMDATE=2000.1.1 to 2019.5.24 AND DOC_TITLE=筹建 AND DOC_CLOB=金融租赁&agencyShortlink=
下一页,http://www.cbrc.gov.cn./search.jsp?page=4&searchword=DOC_FORMDATE=2000.1.1 to 2019.5.24 AND DOC_TITLE=筹建 AND DOC_CLOB=金融租赁&agencyShortlink=
尾页,http://www.cbrc.gov.cn./search.jsp?page=4&searchword=DOC_FORMDATE=2000.1.1 to 2019.5.24 AND DOC_TITLE=筹建 AND DOC_CLOB=金融租赁&agencyShortlink=
中国银监会关于华融金融租赁股份有限公司在中国（上海）自由贸易试验区筹建专业子公司的批复,http://www.cbrc.gov.cn/govView_0B81F34B139F430ABDDFC21DB0154279.html
中国银监会关于北京银行筹建金融租赁公司的批复,http://www.cbrc.gov.cn/govView_E4152E54ADAC44CFA3E184FD7EA45F20.html
中国银监会关于成都农村商业银行股份有限公司筹建金融租赁公司的批复,http://www.cbrc.gov.cn/govView_1AD24F1E218F41B688F0B9C7D560CD52.html
中国银监会关于华夏银行筹建金融租赁公司的批复,http://www.cbrc.gov.cn/govView_14BD38D694C0479F850425A336ECF70F.html
安徽筹建首家金融租赁公司,http://www.cbrc.gov.cn/chinese/home/docView/324603052259483BBCA7764703025B59.html
中国银监会关于天津渤海租赁有限公司筹建皖江金融租赁有限公司的批复,http://www.cbrc.gov.cn/govView_184F805F77C04655A2A78D51D6DA28AD.html
中国银监会关于批准中国农业银行股份有限公司筹建金融租赁公司的批复,http://www.cbrc.gov.cn/govView_BA380CCA4B1742B58D073AB092520230.html
中国银监会关于批准中国光大银行股份有限公司筹建金融租赁公司的批复,http://www.cbrc.gov.cn/govView_BBA8B45C88EE4857A5081A1C9AF1395A.html
中国银监会关于批准中国石油天然气集团公司筹建金融租赁公司的批复,http://www.cbrc.gov.cn/govView_EB1FBC0B62B6408D9806B105BA69A7D0.html
中国银监会关于批准招商银行股份有限公司筹建金融租赁公司的批复,http://www.cbrc.gov.cn/govView_F016801F35B0477BA3CAEE8E9747978D.html
中国银监会关于批准筹建民生金融租赁股份有限公司的批复,http://www.cbrc.gov.cn/govView_B913ADE19B5647F690332EA219220495.html
中国银监会关于批准筹建交银金融租赁有限责任公司的批复,http://www.cbrc.gov.cn/govView_D6558BFC3ED9465E988ED1030EC88051.html
中国银监会关于批准中国工商银行股份有限公司筹建金融租赁公司的批复,http://www.cbrc.gov.cn/govView_C25B9AEDDC69447AB56921DB6D5EAC49.html
中国银监会关于批准筹建建银金融租赁股份有限公司的批复,http://www.cbrc.gov.cn/govView_5C6DA0059479422486B9160EBB6190FA.html
首页,http://www.cbrc.gov.cn./search.jsp?page=1&searchword=DOC_FORMDATE=2000.1.1 to 2019.5.24 AND DOC_TITLE=筹建 AND DOC_CLOB=金融租赁&agencyShortlink=
上一页,http://www.cbrc.gov.cn./search.jsp?page=3&searchword=DOC_FORMDATE=2000.1.1 to 2019.5.24 AND DOC_TITLE=筹建 AND DOC_CLOB=金融租赁&agencyShortlink=
